{"engineId":"a78c3317-38ec-4089-af00-66cea7765718","engineName":"Movie","rdbmsId":"25c73cf2-c088-4636-904c-e4620f9c625c","varstore":{},"frames":[{"file":"@BaseFolder@/db/@ENGINE@/version/25c73cf2-c088-4636-904c-e4620f9c625c/FRAME68078.gz","meta":"@BaseFolder@/db/@ENGINE@/version/25c73cf2-c088-4636-904c-e4620f9c625c/METADATA__FRAME68078.owl","state":null,"type":"prerna.ds.h2.H2Frame","name":"FRAME68078","keys":["$CUR_FRAME_KEY","FRAME68078"]}],"panels":[{"panelId":"0","panelLabel":null,"view":"visualization","viewOptions":"{\"type\":\"echarts\"}","viewOptionsMap":{"federate-view":{"app_id":"a78c3317-38ec-4089-af00-66cea7765718"},"visualization":{"type":"echarts"}},"config":{"type":"STANDARD","opacity":100},"ornaments":{},"events":{"onSingleClick":{"Unfilter":[{"disabledVisuals":["Grid","Sunburst"],"default":true,"query":"UnfilterFrame(<SelectedColumn>);","options":{},"refresh":false,"disabled":false,"panel":""}]},"onBrush":{"Filter":[{"default":true,"query":"if(IsEmpty(<SelectedValues>), UnfilterFrame(<SelectedColumn>), SetFrameFilter(<SelectedColumn>==<SelectedValues>));","options":{},"refresh":false,"disabled":false,"panel":""}]}},"comments":{},"position":{},"filters":[],"order":[],"cbv":[]},{"panelId":"1","panelLabel":null,"view":"visualization","viewOptions":"{\"type\":\"echarts\"}","viewOptionsMap":{"federate-view":{"app_id":"a78c3317-38ec-4089-af00-66cea7765718"},"visualization":{"type":"echarts"}},"config":{"type":"STANDARD","opacity":100.0},"ornaments":{},"events":{"onSingleClick":{"Unfilter":[{"disabledVisuals":["Grid","Sunburst"],"default":true,"query":"UnfilterFrame(<SelectedColumn>);","options":{},"refresh":false,"disabled":false,"panel":""}]},"onBrush":{"Filter":[{"default":true,"query":"if(IsEmpty(<SelectedValues>), UnfilterFrame(<SelectedColumn>), SetFrameFilter(<SelectedColumn>==<SelectedValues>));","options":{},"refresh":false,"disabled":false,"panel":""}]}},"comments":{},"position":{},"filters":[],"order":[],"cbv":[]},{"panelId":"2","panelLabel":null,"view":"visualization","viewOptions":"{\"type\":\"echarts\"}","viewOptionsMap":{"federate-view":{"app_id":"a78c3317-38ec-4089-af00-66cea7765718"},"visualization":{"type":"echarts"}},"config":{"type":"STANDARD","opacity":100.0},"ornaments":{},"events":{"onSingleClick":{"Unfilter":[{"disabledVisuals":["Grid","Sunburst"],"default":true,"query":"UnfilterFrame(<SelectedColumn>);","options":{},"refresh":false,"disabled":false,"panel":""}]},"onBrush":{"Filter":[{"default":true,"query":"if(IsEmpty(<SelectedValues>), UnfilterFrame(<SelectedColumn>), SetFrameFilter(<SelectedColumn>==<SelectedValues>));","options":{},"refresh":false,"disabled":false,"panel":""}]}},"comments":{},"position":{},"filters":[],"order":[],"cbv":[]}],"tasks":{"tasks":[{"type":"basic","task":{"taskType":"basic","id":"task1","numCollected":500,"internalOffset":0,"taskOptions":"{\"options\":{\"0\":{\"layout\":\"Grid\",\"alignment\":{\"label\":[\"Director\",\"Genre\",\"MOVIE_DATA\",\"MovieBudget\",\"Nominated\",\"Revenue_Domestic\",\"Revenue_International\",\"RottenTomatoes_Audience\",\"RottenTomatoes_Critics\",\"Studio\",\"Title\"]}}},\"ornament\":false}","qs":{"qsType":"FRAME","frameName":"FRAME68078","isDistinct":true,"overrideImplicit":false,"limit":500,"offset":0,"relations":"[]","selectors":[{"type":"COLUMN","content":{"table":"FRAME68078","column":"Director","alias":"Director","tableAlias":null}},{"type":"COLUMN","content":{"table":"FRAME68078","column":"Genre","alias":"Genre","tableAlias":null}},{"type":"COLUMN","content":{"table":"FRAME68078","column":"MOVIE_DATA","alias":"MOVIE_DATA","tableAlias":null}},{"type":"COLUMN","content":{"table":"FRAME68078","column":"MovieBudget","alias":"MovieBudget","tableAlias":null}},{"type":"COLUMN","content":{"table":"FRAME68078","column":"Nominated","alias":"Nominated","tableAlias":null}},{"type":"COLUMN","content":{"table":"FRAME68078","column":"Revenue_Domestic","alias":"Revenue_Domestic","tableAlias":null}},{"type":"COLUMN","content":{"table":"FRAME68078","column":"Revenue_International","alias":"Revenue_International","tableAlias":null}},{"type":"COLUMN","content":{"table":"FRAME68078","column":"RottenTomatoes_Audience","alias":"RottenTomatoes_Audience","tableAlias":null}},{"type":"COLUMN","content":{"table":"FRAME68078","column":"RottenTomatoes_Critics","alias":"RottenTomatoes_Critics","tableAlias":null}},{"type":"COLUMN","content":{"table":"FRAME68078","column":"Studio","alias":"Studio","tableAlias":null}},{"type":"COLUMN","content":{"table":"FRAME68078","column":"Title","alias":"Title","tableAlias":null}}]}}},{"type":"basic","task":{"taskType":"basic","id":"task3","numCollected":500,"internalOffset":0,"taskOptions":"{\"options\":{\"1\":{\"layout\":\"Scatter\",\"alignment\":{\"series\":[],\"x\":[\"RottenTomatoes_Critics\"],\"y\":[\"RottenTomatoes_Audience\"],\"z\":[],\"label\":[\"Title\"],\"facet\":[]}}},\"ornament\":false}","qs":{"qsType":"FRAME","frameName":"FRAME68078","isDistinct":true,"overrideImplicit":false,"limit":500,"offset":0,"relations":"[]","selectors":[{"type":"COLUMN","content":{"table":"Title","column":"PRIM_KEY_PLACEHOLDER","alias":"Title","tableAlias":null}},{"type":"COLUMN","content":{"table":"RottenTomatoes_Critics","column":"PRIM_KEY_PLACEHOLDER","alias":"RottenTomatoes_Critics","tableAlias":null}},{"type":"COLUMN","content":{"table":"RottenTomatoes_Audience","column":"PRIM_KEY_PLACEHOLDER","alias":"RottenTomatoes_Audience","tableAlias":null}}]}}},{"type":"basic","task":{"taskType":"basic","id":"task5","numCollected":500,"internalOffset":0,"taskOptions":"{\"options\":{\"2\":{\"layout\":\"Pie\",\"alignment\":{\"heat\":[],\"tooltip\":[],\"label\":[\"Genre\"],\"value\":[\"CountofNominated\"],\"facet\":[]}}},\"ornament\":false}","qs":{"qsType":"FRAME","frameName":"FRAME68078","isDistinct":true,"overrideImplicit":false,"limit":500,"offset":0,"relations":"[]","groups":["{\"column\":\"PRIM_KEY_PLACEHOLDER\",\"table\":\"Genre\",\"alias\":\"\"}"],"selectors":[{"type":"COLUMN","content":{"table":"Genre","column":"PRIM_KEY_PLACEHOLDER","alias":"Genre","tableAlias":null}},{"type":"FUNCTION","content":{"alias":"CountofNominated","function":"count","distinct":false,"colCast":"","innerSelectors":[{"type":"COLUMN","content":{"table":"Nominated","column":"PRIM_KEY_PLACEHOLDER","alias":"Nominated","tableAlias":null}}]}}]}}},{"type":"basic","task":{"taskType":"basic","id":"task7","numCollected":500,"internalOffset":0,"taskOptions":"{\"options\":{\"0\":{\"layout\":\"Column\",\"alignment\":{\"tooltip\":[],\"label\":[\"Title\"],\"value\":[\"Revenue_Domestic\"],\"facet\":[]}}},\"ornament\":false}","qs":{"qsType":"FRAME","frameName":"FRAME68078","isDistinct":true,"overrideImplicit":false,"limit":500,"offset":0,"relations":"[]","selectors":[{"type":"COLUMN","content":{"table":"Title","column":"PRIM_KEY_PLACEHOLDER","alias":"Title","tableAlias":null}},{"type":"COLUMN","content":{"table":"Revenue_Domestic","column":"PRIM_KEY_PLACEHOLDER","alias":"Revenue_Domestic","tableAlias":null}}]}}},{"type":"basic","task":{"taskType":"basic","id":"task9","numCollected":500,"internalOffset":0,"taskOptions":"{\"options\":{\"0\":{\"layout\":\"Grid\",\"alignment\":{\"label\":[\"Genre\"]}}},\"ornament\":false}","qs":{"qsType":"FRAME","frameName":"FRAME68078","isDistinct":true,"overrideImplicit":false,"limit":500,"offset":0,"relations":"[]","selectors":[{"type":"COLUMN","content":{"table":"Genre","column":"PRIM_KEY_PLACEHOLDER","alias":"Genre","tableAlias":null}}]}}},{"type":"basic","task":{"taskType":"basic","id":"task11","numCollected":500,"internalOffset":0,"taskOptions":"{\"options\":{\"0\":{\"layout\":\"ParallelCoordinates\",\"alignment\":{\"dimension\":[\"Genre\"]}}},\"ornament\":false}","qs":{"qsType":"FRAME","frameName":"FRAME68078","isDistinct":true,"overrideImplicit":false,"limit":500,"offset":0,"relations":"[]","selectors":[{"type":"COLUMN","content":{"table":"Genre","column":"PRIM_KEY_PLACEHOLDER","alias":"Genre","tableAlias":null}}]}}},{"type":"basic","task":{"taskType":"basic","id":"task13","numCollected":500,"internalOffset":0,"taskOptions":"{\"options\":{\"0\":{\"layout\":\"ParallelCoordinates\",\"alignment\":{\"series\":[],\"dimension\":[\"Genre\",\"Studio\"],\"facet\":[]}}},\"ornament\":false}","qs":{"qsType":"FRAME","frameName":"FRAME68078","isDistinct":true,"overrideImplicit":false,"limit":500,"offset":0,"relations":"[]","selectors":[{"type":"COLUMN","content":{"table":"Genre","column":"PRIM_KEY_PLACEHOLDER","alias":"Genre","tableAlias":null}},{"type":"COLUMN","content":{"table":"Studio","column":"PRIM_KEY_PLACEHOLDER","alias":"Studio","tableAlias":null}}]}}},{"type":"basic","task":{"taskType":"basic","id":"task15","numCollected":500,"internalOffset":0,"taskOptions":"{\"options\":{\"0\":{\"layout\":\"ParallelCoordinates\",\"alignment\":{\"series\":[],\"dimension\":[\"Studio\",\"Genre\"],\"facet\":[]}}},\"ornament\":false}","qs":{"qsType":"FRAME","frameName":"FRAME68078","isDistinct":true,"overrideImplicit":false,"limit":500,"offset":0,"relations":"[]","selectors":[{"type":"COLUMN","content":{"table":"Studio","column":"PRIM_KEY_PLACEHOLDER","alias":"Studio","tableAlias":null}},{"type":"COLUMN","content":{"table":"Genre","column":"PRIM_KEY_PLACEHOLDER","alias":"Genre","tableAlias":null}}]}}},{"type":"basic","task":{"taskType":"basic","id":"task17","numCollected":500,"internalOffset":0,"taskOptions":"{\"options\":{\"0\":{\"layout\":\"ParallelCoordinates\",\"alignment\":{\"series\":[],\"dimension\":[\"Studio\",\"Genre\",\"Director\"],\"facet\":[]}}},\"ornament\":false}","qs":{"qsType":"FRAME","frameName":"FRAME68078","isDistinct":true,"overrideImplicit":false,"limit":500,"offset":0,"relations":"[]","selectors":[{"type":"COLUMN","content":{"table":"Studio","column":"PRIM_KEY_PLACEHOLDER","alias":"Studio","tableAlias":null}},{"type":"COLUMN","content":{"table":"Genre","column":"PRIM_KEY_PLACEHOLDER","alias":"Genre","tableAlias":null}},{"type":"COLUMN","content":{"table":"Director","column":"PRIM_KEY_PLACEHOLDER","alias":"Director","tableAlias":null}}]}}},{"type":"basic","task":{"taskType":"basic","id":"task19","numCollected":500,"internalOffset":0,"taskOptions":"{\"options\":{\"0\":{\"layout\":\"Column\",\"alignment\":{\"tooltip\":[],\"label\":[\"Studio\"],\"value\":[\"AverageofRevenue_Domestic\"],\"facet\":[]}}},\"ornament\":false}","qs":{"qsType":"FRAME","frameName":"FRAME68078","isDistinct":true,"overrideImplicit":false,"limit":500,"offset":0,"relations":"[]","groups":["{\"column\":\"PRIM_KEY_PLACEHOLDER\",\"table\":\"Studio\",\"alias\":\"\"}"],"selectors":[{"type":"COLUMN","content":{"table":"Studio","column":"PRIM_KEY_PLACEHOLDER","alias":"Studio","tableAlias":null}},{"type":"FUNCTION","content":{"alias":"AverageofRevenue_Domestic","function":"mean","distinct":false,"colCast":"","innerSelectors":[{"type":"COLUMN","content":{"table":"Revenue_Domestic","column":"PRIM_KEY_PLACEHOLDER","alias":"Revenue_Domestic","tableAlias":null}}]}}]}}},{"type":"basic","task":{"taskType":"basic","id":"task21","numCollected":500,"internalOffset":0,"taskOptions":"{\"options\":{\"0\":{\"layout\":\"Column\",\"alignment\":{\"tooltip\":[],\"label\":[\"Studio\"],\"value\":[\"SumofRevenue_Domestic\"],\"facet\":[]}}},\"ornament\":false}","qs":{"qsType":"FRAME","frameName":"FRAME68078","isDistinct":true,"overrideImplicit":false,"limit":500,"offset":0,"relations":"[]","groups":["{\"column\":\"PRIM_KEY_PLACEHOLDER\",\"table\":\"Studio\",\"alias\":\"\"}"],"selectors":[{"type":"COLUMN","content":{"table":"Studio","column":"PRIM_KEY_PLACEHOLDER","alias":"Studio","tableAlias":null}},{"type":"FUNCTION","content":{"alias":"SumofRevenue_Domestic","function":"sum","distinct":false,"colCast":"","innerSelectors":[{"type":"COLUMN","content":{"table":"Revenue_Domestic","column":"PRIM_KEY_PLACEHOLDER","alias":"Revenue_Domestic","tableAlias":null}}]}}]}}}],"taskCounter":22},"recipe":["AddPanel ( 0 ) ;","Panel ( 0 ) | AddPanelConfig ( config = [ { \"config\" : { \"type\" : \"STANDARD\" , \"opacity\" : 100 } } ] ) ;","Panel ( 0 ) | AddPanelEvents ( { \"onSingleClick\" : { \"Unfilter\" : [ { \"panel\" : \"\" , \"query\" : \"<encode>UnfilterFrame(<SelectedColumn>);</encode>\" , \"options\" : { } , \"refresh\" : false , \"default\" : true , \"disabledVisuals\" : [ \"Grid\" , \"Sunburst\" ] , \"disabled\" : false } ] } , \"onBrush\" : { \"Filter\" : [ { \"panel\" : \"\" , \"query\" : \"<encode>if(IsEmpty(<SelectedValues>), UnfilterFrame(<SelectedColumn>), SetFrameFilter(<SelectedColumn>==<SelectedValues>));</encode>\" , \"options\" : { } , \"refresh\" : false , \"default\" : true , \"disabled\" : false } ] } } ) ;","Panel ( 0 ) | RetrievePanelEvents ( ) ;","Panel ( 0 ) | SetPanelView ( \"visualization\" , \"<encode>{\"type\":\"echarts\"}</encode>\" ) ;","Panel ( 0 ) | SetPanelView ( \"federate-view\" , \"<encode>{\"app_id\":\"a78c3317-38ec-4089-af00-66cea7765718\"}</encode>\" ) ;","CreateFrame ( frameType = [ GRID ] ) .as ( [ 'FRAME68078' ] ) ;","Database ( database = [ \"a78c3317-38ec-4089-af00-66cea7765718\" ] ) | Select ( MOVIE_DATA , MOVIE_DATA__Director , MOVIE_DATA__Genre , MOVIE_DATA__MovieBudget , MOVIE_DATA__Nominated , MOVIE_DATA__Revenue_Domestic , MOVIE_DATA__Revenue_International , MOVIE_DATA__RottenTomatoes_Audience , MOVIE_DATA__RottenTomatoes_Critics , MOVIE_DATA__Studio , MOVIE_DATA__Title ) .as ( [ MOVIE_DATA , Director , Genre , MovieBudget , Nominated , Revenue_Domestic , Revenue_International , RottenTomatoes_Audience , RottenTomatoes_Critics , Studio , Title ] ) | Import ( ) ;","Panel ( 0 ) | SetPanelView ( \"visualization\" ) ;","Frame ( ) | QueryAll ( ) | AutoTaskOptions ( panel = [ \"0\" ] , layout = [ \"Grid\" ] ) | Collect ( 500 ) ;","Panel ( 0 ) | Clone ( 1 ) ;","if ( ( HasDuplicates ( Title ) ) , ( Frame ( ) | Select ( Title , Average ( RottenTomatoes_Critics ) , Average ( RottenTomatoes_Audience ) ) .as ( [ Title , AverageofRottenTomatoes_Critics , AverageofRottenTomatoes_Audience ] ) | Group ( Title ) | With ( Panel ( 1 ) ) | Format ( type = [ 'table' ] ) | TaskOptions ( { \"1\" : { \"layout\" : \"Scatter\" , \"alignment\" : { \"label\" : [ \"Title\" ] , \"x\" : [ \"AverageofRottenTomatoes_Critics\" ] , \"y\" : [ \"AverageofRottenTomatoes_Audience\" ] , \"z\" : [ ] , \"series\" : [ ] , \"facet\" : [ ] } } } ) | Collect ( 500 ) ) , ( Frame ( ) | Select ( Title , RottenTomatoes_Critics , RottenTomatoes_Audience ) .as ( [ Title , RottenTomatoes_Critics , RottenTomatoes_Audience ] ) | With ( Panel ( 1 ) ) | Format ( type = [ 'table' ] ) | TaskOptions ( { \"1\" : { \"layout\" : \"Scatter\" , \"alignment\" : { \"label\" : [ \"Title\" ] , \"x\" : [ \"RottenTomatoes_Critics\" ] , \"y\" : [ \"RottenTomatoes_Audience\" ] , \"z\" : [ ] , \"series\" : [ ] , \"facet\" : [ ] } } } ) | Collect ( 500 ) ) ) ;","Panel ( 1 ) | Clone ( 2 ) ;","if ( ( HasDuplicates ( Genre ) ) , ( Frame ( ) | Select ( Genre , Count ( Nominated ) ) .as ( [ Genre , CountofNominated ] ) | Group ( Genre ) | With ( Panel ( 2 ) ) | Format ( type = [ 'table' ] ) | TaskOptions ( { \"2\" : { \"layout\" : \"Pie\" , \"alignment\" : { \"label\" : [ \"Genre\" ] , \"value\" : [ \"CountofNominated\" ] , \"heat\" : [ ] , \"tooltip\" : [ ] , \"facet\" : [ ] } } } ) | Collect ( 500 ) ) , ( Frame ( ) | Select ( Genre , Count ( Nominated ) ) .as ( [ Genre , CountofNominated ] ) | Group ( Genre ) | With ( Panel ( 2 ) ) | Format ( type = [ 'table' ] ) | TaskOptions ( { \"2\" : { \"layout\" : \"Pie\" , \"alignment\" : { \"label\" : [ \"Genre\" ] , \"value\" : [ \"CountofNominated\" ] , \"heat\" : [ ] , \"tooltip\" : [ ] , \"facet\" : [ ] } } } ) | Collect ( 500 ) ) ) ;","if ( ( HasDuplicates ( Title ) ) , ( Frame ( ) | Select ( Title , Average ( Revenue_Domestic ) ) .as ( [ Title , AverageofRevenue_Domestic ] ) | Group ( Title ) | With ( Panel ( 0 ) ) | Format ( type = [ 'table' ] ) | TaskOptions ( { \"0\" : { \"layout\" : \"Column\" , \"alignment\" : { \"label\" : [ \"Title\" ] , \"value\" : [ \"AverageofRevenue_Domestic\" ] , \"tooltip\" : [ ] , \"facet\" : [ ] } } } ) | Collect ( 500 ) ) , ( Frame ( ) | Select ( Title , Revenue_Domestic ) .as ( [ Title , Revenue_Domestic ] ) | With ( Panel ( 0 ) ) | Format ( type = [ 'table' ] ) | TaskOptions ( { \"0\" : { \"layout\" : \"Column\" , \"alignment\" : { \"label\" : [ \"Title\" ] , \"value\" : [ \"Revenue_Domestic\" ] , \"tooltip\" : [ ] , \"facet\" : [ ] } } } ) | Collect ( 500 ) ) ) ;","Panel ( 0 ) | SetPanelView ( \"visualization\" , \"<encode>{\"type\":\"standard\"}</encode>\" ) ;","Frame ( ) | Select ( Genre ) .as ( [ Genre ] ) | With ( Panel ( 0 ) ) | Format ( type = [ 'table' ] ) | TaskOptions ( { \"0\" : { \"layout\" : \"Grid\" , \"alignment\" : { \"label\" : [ \"Genre\" ] } } } ) | Collect ( 500 ) ;","Panel ( 0 ) | SetPanelView ( \"visualization\" , \"<encode>{\"type\":\"echarts\"}</encode>\" ) ;","Frame ( ) | Select ( Genre ) .as ( [ Genre ] ) | With ( Panel ( 0 ) ) | Format ( type = [ 'table' ] ) | TaskOptions ( { \"0\" : { \"layout\" : \"ParallelCoordinates\" , \"alignment\" : { \"dimension\" : [ \"Genre\" ] } } } ) | Collect ( 500 ) ;","Frame ( ) | Select ( Genre , Studio ) .as ( [ Genre , Studio ] ) | With ( Panel ( 0 ) ) | Format ( type = [ 'table' ] ) | TaskOptions ( { \"0\" : { \"layout\" : \"ParallelCoordinates\" , \"alignment\" : { \"dimension\" : [ \"Genre\" , \"Studio\" ] , \"series\" : [ ] , \"facet\" : [ ] } } } ) | Collect ( 500 ) ;","Frame ( ) | Select ( Studio , Genre ) .as ( [ Studio , Genre ] ) | With ( Panel ( 0 ) ) | Format ( type = [ 'table' ] ) | TaskOptions ( { \"0\" : { \"layout\" : \"ParallelCoordinates\" , \"alignment\" : { \"dimension\" : [ \"Studio\" , \"Genre\" ] , \"series\" : [ ] , \"facet\" : [ ] } } } ) | Collect ( 500 ) ;","Frame ( ) | Select ( Studio , Genre , Director ) .as ( [ Studio , Genre , Director ] ) | With ( Panel ( 0 ) ) | Format ( type = [ 'table' ] ) | TaskOptions ( { \"0\" : { \"layout\" : \"ParallelCoordinates\" , \"alignment\" : { \"dimension\" : [ \"Studio\" , \"Genre\" , \"Director\" ] , \"series\" : [ ] , \"facet\" : [ ] } } } ) | Collect ( 500 ) ;","if ( ( HasDuplicates ( Studio ) ) , ( Frame ( ) | Select ( Studio , Average ( Revenue_Domestic ) ) .as ( [ Studio , AverageofRevenue_Domestic ] ) | Group ( Studio ) | With ( Panel ( 0 ) ) | Format ( type = [ 'table' ] ) | TaskOptions ( { \"0\" : { \"layout\" : \"Column\" , \"alignment\" : { \"label\" : [ \"Studio\" ] , \"value\" : [ \"AverageofRevenue_Domestic\" ] , \"tooltip\" : [ ] , \"facet\" : [ ] } } } ) | Collect ( 500 ) ) , ( Frame ( ) | Select ( Studio , Revenue_Domestic ) .as ( [ Studio , Revenue_Domestic ] ) | With ( Panel ( 0 ) ) | Format ( type = [ 'table' ] ) | TaskOptions ( { \"0\" : { \"layout\" : \"Column\" , \"alignment\" : { \"label\" : [ \"Studio\" ] , \"value\" : [ \"Revenue_Domestic\" ] , \"tooltip\" : [ ] , \"facet\" : [ ] } } } ) | Collect ( 500 ) ) ) ;","if ( ( HasDuplicates ( Studio ) ) , ( Frame ( ) | Select ( Studio , Sum ( Revenue_Domestic ) ) .as ( [ Studio , SumofRevenue_Domestic ] ) | Group ( Studio ) | With ( Panel ( 0 ) ) | Format ( type = [ 'table' ] ) | TaskOptions ( { \"0\" : { \"layout\" : \"Column\" , \"alignment\" : { \"label\" : [ \"Studio\" ] , \"value\" : [ \"SumofRevenue_Domestic\" ] , \"tooltip\" : [ ] , \"facet\" : [ ] } } } ) | Collect ( 500 ) ) , ( Frame ( ) | Select ( Studio , Revenue_Domestic ) .as ( [ Studio , Revenue_Domestic ] ) | With ( Panel ( 0 ) ) | Format ( type = [ 'table' ] ) | TaskOptions ( { \"0\" : { \"layout\" : \"Column\" , \"alignment\" : { \"label\" : [ \"Studio\" ] , \"value\" : [ \"Revenue_Domestic\" ] , \"tooltip\" : [ ] , \"facet\" : [ ] } } } ) | Collect ( 500 ) ) ) ;"]}