{"insightID":"e89a0d2d-f900-4d8b-86fc-bb639d39cc77","pixelReturn":[{"pixelExpression":"CachedPanel ( \"0\" ) ;","isMeta":false,"output":{"panelId":"0","view":"visualization","viewOptions":"{\"type\":\"echarts\"}","viewOptionsMap":{"federate-view":{"app_id":"a78c3317-38ec-4089-af00-66cea7765718"},"visualization":{"type":"echarts"}},"config":{"type":"STANDARD","opacity":100.0},"ornaments":{},"events":{"onSingleClick":{"Unfilter":[{"disabledVisuals":["Grid","Sunburst"],"default":true,"query":"UnfilterFrame(<SelectedColumn>);","options":{},"refresh":false,"disabled":false,"panel":""}]},"onBrush":{"Filter":[{"default":true,"query":"if(IsEmpty(<SelectedValues>), UnfilterFrame(<SelectedColumn>), SetFrameFilter(<SelectedColumn>==<SelectedValues>));","options":{},"refresh":false,"disabled":false,"panel":""}]}},"comments":{},"position":{},"filters":[],"order":[],"cbv":[]},"operationType":["CACHED_PANEL"]},{"pixelExpression":"CachedPanel ( \"1\" ) ;","isMeta":false,"output":{"panelId":"1","view":"visualization","viewOptions":"{\"type\":\"echarts\"}","viewOptionsMap":{"federate-view":{"app_id":"a78c3317-38ec-4089-af00-66cea7765718"},"visualization":{"type":"echarts"}},"config":{"type":"STANDARD","opacity":100.0},"ornaments":{},"events":{"onSingleClick":{"Unfilter":[{"disabledVisuals":["Grid","Sunburst"],"default":true,"query":"UnfilterFrame(<SelectedColumn>);","options":{},"refresh":false,"disabled":false,"panel":""}]},"onBrush":{"Filter":[{"default":true,"query":"if(IsEmpty(<SelectedValues>), UnfilterFrame(<SelectedColumn>), SetFrameFilter(<SelectedColumn>==<SelectedValues>));","options":{},"refresh":false,"disabled":false,"panel":""}]}},"comments":{},"position":{},"filters":[],"order":[],"cbv":[]},"operationType":["CACHED_PANEL"]},{"pixelExpression":"CachedPanel ( \"2\" ) ;","isMeta":false,"output":{"panelId":"2","view":"visualization","viewOptions":"{\"type\":\"echarts\"}","viewOptionsMap":{"federate-view":{"app_id":"a78c3317-38ec-4089-af00-66cea7765718"},"visualization":{"type":"echarts"}},"config":{"type":"STANDARD","opacity":100.0},"ornaments":{},"events":{"onSingleClick":{"Unfilter":[{"disabledVisuals":["Grid","Sunburst"],"default":true,"query":"UnfilterFrame(<SelectedColumn>);","options":{},"refresh":false,"disabled":false,"panel":""}]},"onBrush":{"Filter":[{"default":true,"query":"if(IsEmpty(<SelectedValues>), UnfilterFrame(<SelectedColumn>), SetFrameFilter(<SelectedColumn>==<SelectedValues>));","options":{},"refresh":false,"disabled":false,"panel":""}]}},"comments":{},"position":{},"filters":[],"order":[],"cbv":[]},"operationType":["CACHED_PANEL"]},{"pixelExpression":"if ( ( HasDuplicates ( Title ) ) , ( Frame ( ) | Select ( Title , Average ( RottenTomatoes_Critics ) , Average ( RottenTomatoes_Audience ) ) .as ( [ Title , AverageofRottenTomatoes_Critics , AverageofRottenTomatoes_Audience ] ) | Group ( Title ) | With ( Panel ( 1 ) ) | Format ( type = [ 'table' ] ) | TaskOptions ( { \"1\" : { \"layout\" : \"Scatter\" , \"alignment\" : { \"label\" : [ \"Title\" ] , \"x\" : [ \"AverageofRottenTomatoes_Critics\" ] , \"y\" : [ \"AverageofRottenTomatoes_Audience\" ] , \"z\" : [ ] , \"series\" : [ ] , \"facet\" : [ ] } } } ) | Collect ( 500 ) ) , ( Frame ( ) | Select ( Title , RottenTomatoes_Critics , RottenTomatoes_Audience ) .as ( [ Title , RottenTomatoes_Critics , RottenTomatoes_Audience ] ) | With ( Panel ( 1 ) ) | Format ( type = [ 'table' ] ) | TaskOptions ( { \"1\" : { \"layout\" : \"Scatter\" , \"alignment\" : { \"label\" : [ \"Title\" ] , \"x\" : [ \"RottenTomatoes_Critics\" ] , \"y\" : [ \"RottenTomatoes_Audience\" ] , \"z\" : [ ] , \"series\" : [ ] , \"facet\" : [ ] } } } ) | Collect ( 500 ) ) ) ;","isMeta":false,"output":{"data":{"values":[["127_Hours",0.93,0.84],["12_Years_a_Slave",0.96,0.92],["16_Blocks",0.55,0.6],["17_Again",0.55,0.7],["200_Cigarettes",0.29,0.53],["47_Ronin",0.12,0.55],["50/50",0.93,0.89],["ATL",0.63,0.81],["A_Beautiful_Mind",0.78,0.91],["A_Bugs_Life",0.92,0.61],["A_Mighty_Wind",0.88,0.8],["A_Perfect_Getaway",0.6,0.5],["A_Separation",0.99,0.92],["A_Serious_Man",0.89,0.65],["A_Simple_Plan",0.9,0.75],["A_Time_to_Kill",0.67,0.83],["A_good_Day_to_Die_Hard",0.14,0.42],["Abandon",0.17,0.36],["Admission",0.38,0.34],["After_Earth",0.11,0.38],["Air_Bud:_Golden_Reciever",0.06,0.41],["Alaska",0.18,0.5],["Aliens_Vs._Predator_-_Requiem",0.12,0.37],["All_is_Lost",0.93,0.67],["Along_Came_Polly",0.25,0.54],["Amazing_Grace",0.7,0.84],["American_Beauty",0.88,0.9],["American_History_X",0.82,0.96],["American_Hustle",0.93,0.78],["American_Outlaws",0.14,0.67],["Amour",0.93,0.82],["An_American_Haunting",0.12,0.47],["An_Education",0.94,0.78],["Anchorman_2:_The_Legend_Continues",0.74,0.62],["Angel_Eyes",0.33,0.48],["Appaloosa",0.77,0.54],["Argo",0.96,0.9],["Armageddon",0.39,0.77],["Arthur",0.26,0.47],["As_Good_as_It_Gets",0.86,0.81],["Astro_Boy",0.49,0.53],["Atonement",0.83,0.79],["Avatar",0.83,0.92],["Away_We_Go",0.67,0.73],["BRATZ",0.07,0.51],["Babel",0.69,0.76],["Bad_Teacher",0.44,0.36],["Baggage_Claim",0.14,0.55],["Battle:_Los_Angeles",0.35,0.49],["Beastly",0.2,0.48],["Beasts_of_the_Southern_Wild",0.86,0.76],["Beavis_and_Butt-head_Do_America",0.71,0.61],["Becoming_Jane",0.57,0.74],["Bend_It_Like_Beckham",0.85,0.69],["Bernie",0.9,0.72],["Beverly_Hills_Ninja",0.14,0.54],["Black_Dog",0.11,0.61],["Black_Swan",0.87,0.86],["Blade:_Trinity",0.26,0.7],["Blue_Valentine",0.88,0.75],["Boys_Dont_Cry",0.88,0.84],["Brave",0.78,0.76],["Bread_and_Tulips",0.71,0.83],["Breakdown",0.8,0.61],["Bride_of_Chucky",0.42,0.52],["Bridesmaids",0.9,0.76],["Bridge_to_Terabithia",0.84,0.71],["Bringing_Out_the_Dead",0.71,0.64],["Brokeback_Mountain",0.87,0.77],["Bruce_Almighty",0.49,0.61],["Burn_After_Ridiculous",0.78,0.64],["Cabin_in_the_Woods",0.92,0.73],["Cant_Hardly_Wait",0.44,0.59],["Capitalism:_A_Love_Story",0.75,0.72],["Capote",0.9,0.73],["Captain_America:_The_First_Avenger",0.79,0.75],["Captain_Phillips",0.93,0.91],["Case_39",0.23,0.42],["Catch_that_Kid",0.11,0.53],["Celtic_Pride",0.09,0.31],["Charlie_St._Cloud",0.27,0.61],["Chicago",0.87,0.8],["Chicken_Little",0.36,0.56],["Chill_Factor",0.07,0.36],["Chocolat",0.63,0.82],["Clockstoppers",0.29,0.33],["Collateral_Damage",0.18,0.33],["Contagion",0.84,0.61],["Contraband",0.51,0.58],["Country_Strong",0.22,0.53],["Cowboys_and_Aliens",0.44,0.45],["Crash",0.76,0.0],["Crouching_Tiger,_Hidden_Dragon",0.97,0.81],["Cry_Wolf",0.23,0.56],["Curious_George",0.69,0.65],["Dallas_Buyers_Club",0.94,0.92],["Dark_Water",0.45,0.37],["Dead_Silence",0.2,0.57],["Death_Sentence",0.2,0.62],["Dirty_Dancing:_Havana_Nights",0.22,0.71],["District_9",0.91,0.81],["Django_Unchained",0.88,0.92],["Don_Jon",0.81,0.63],["Dougs_First_Movie",0.26,0.41],["Dragonball_Evolution",0.14,0.27],["Eat_Pray_Love",0.37,0.45],["Edge_of_Darkness",0.58,0.56],["Eight_Below",0.72,0.8],["Elizabeth",0.82,0.85],["Enders_Game",0.61,0.71],["Erin_Brokovich",0.84,0.76],["Everybodys_Fine",0.46,0.54],["Eves_Bayou",0.8,0.86],["Extract",0.63,0.38],["Extremely_Loud_and_Incredibly_Close",0.47,0.61],["Eye_of_the_Beholder",0.09,0.33],["Fame",0.25,0.42],["Fantastic_Mr._Fox",0.93,0.81],["Far_From_Heaven",0.89,0.76],["Fargo",0.94,0.91],["Final_Destination_5",0.61,0.52],["Finding_Neverland",0.83,0.84],["Flags_of_Our_Fathers",0.73,0.7],["Fly_Away_Home",0.85,0.64],["Foolish",0.0,0.65],["Frankenweenie",0.87,0.7],["Freaky_Friday",0.88,0.6],["Friday_the_13th",0.26,0.52],["From_Paris_with_Love",0.37,0.57],["Frost/Nixon",0.92,0.86],["Fruitvale_Station",0.94,0.89],["Fun_Size",0.25,0.48],["Gamer",0.29,0.42],["Gangs_of_New_York",0.75,0.76],["Get_Carter",0.12,0.3],["Get_Over_It",0.44,0.5],["Ghosts_of_Mississippi",0.46,0.64],["Girl_With_a_Pearl_Earring",0.72,0.66],["Gladiator",0.78,0.85],["Gods_and_Generals",0.08,0.65],["Gone",0.11,0.43],["Good_Night,_and_Good_Luck",0.93,0.73],["Good_Will_Hunting",0.97,0.92],["Gosford_Park",0.86,0.75],["Gravity",0.97,0.84],["Great_Expectations",0.38,0.75],["Green_Lantern",0.26,0.47],["Grosse_Pointe_Blank",0.79,0.84],["Grown_Ups",0.1,0.59],["Grown_Ups_2",0.07,0.55],["Gullivers_Travels",0.21,0.3],["Harry_Potter_and_the_Deathly_Hallows_Part_1",0.79,0.87],["Harts_War",0.6,0.51],["Heavens_Prisoners",0.16,0.25],["Her",0.94,0.85],["Herbie:_Fully_Loaded",0.42,0.54],["Hercules",0.84,0.68],["Here_on_Earth",0.17,0.61],["Hitch",0.69,0.65],["Hitchcock",0.62,0.61],["Holes",0.77,0.72],["Hollow_Man",0.27,0.35],["Homefront",0.41,0.64],["How_To_Eat_Fried_Worms",0.58,0.5],["Hugo",0.94,0.79],["Hulk",0.62,0.34],["I_Dont_Know_How_She_Does_It",0.17,0.32],["I_Heart_Huckabees",0.62,0.75],["In_&_Out",0.73,0.48],["In_the_Bedroom",0.93,0.78],["Inception",0.86,0.93],["Inglourious_Basterds",0.88,0.87],["Inkheart",0.39,0.49],["Invincible",0.71,0.74],["Jack_Frost",0.46,0.16],["Jennifers_Body",0.43,0.37],["Jerry_Maguire",0.85,0.72],["John_Carpenters_Ghosts_of_Mars",0.21,0.29],["John_Tucker_Must_Die",0.25,0.74],["Jonah_Hex",0.13,0.23],["Joyful_Noise",0.33,0.66],["Juno",0.94,0.89],["Just_Friends",0.42,0.73],["Kama_Sutra:_A_Tale_of_Love",0.4,0.69],["Karate_Kid",0.67,0.75],["Kill_Bill_Vol._1",0.85,0.76],["Kingdom_Come",0.28,0.65],["Knight_&_Day",0.53,0.52],["Kolya",0.96,0.91],["Kull_the_Conqueror",0.26,0.35],["L.A._Confidential",0.99,0.9],["Lakeview_Terrace",0.46,0.43],["Larry_Crowne",0.35,0.43],["Last_Vegas",0.47,0.62],["Le_Divorce",0.37,0.25],["Legion",0.2,0.36],["Les_Miserables",0.7,0.79],["Lethal_Weapon_4",0.52,0.7],["Letters_from_Iwo_Jima",0.91,0.85],["Life_is_Beautiful",0.8,0.96],["Life_of_Pi",0.87,0.85],["Light_it_Up",0.38,0.75],["Lilo_&_Stitch",0.86,0.65],["Lincoln",0.9,0.81],["Little_Miss_Sunshine",0.91,0.9],["Lone_Survivor",0.74,0.9],["Lords_of_Dogtown",0.55,0.8],["Loser",0.0,0.0],["Lost_in_Translation",0.95,0.84],["Lucky_Numbers",0.22,0.22],["MIB_3",0.7,0.71],["Machete_Kills",0.29,0.4],["Made_of_Honor",0.14,0.61],["Mary_Reilly",0.26,0.4],["Master_and_Commander:_The_Far_Side_of_the_World",0.85,0.75],["Max_Keebles_Big_Move",0.29,0.41],["Max_Payne",0.16,0.36],["Mean_Girls",0.83,0.66],["Meet_the_Parents",0.84,0.79],["Miami_Vice",0.47,0.48],["Michael_Clayton",0.9,0.72],["Midnight_in_Paris",0.93,0.82],["Midnight_in_the_Garden_of_Good_and_Evil",0.47,0.63],["Milk",0.94,0.88],["Million_Dollar_Baby",0.92,0.87],["Moneyball",0.95,0.86],["Monsters,_Inc.",0.95,0.84],["Morning_Glory",0.55,0.52],["Mother",0.91,0.63],["Moulin_Rouge!",0.76,0.88],["Mr._Brooks",0.55,0.75],["Munich",0.78,0.78],["Mystic_River",0.87,0.86],["Nebraska",0.92,0.87],["Next_Day_Air",0.21,0.35],["Nims_Island",0.51,0.49],["No_Country_for_Old_Men",0.95,0.84],["No_Strings_Attached",0.49,0.55],["Notorious",0.5,0.66],["Oceans_Eleven",0.82,0.76],["Open_Water",0.72,0.32],["Our_Family_Wedding",0.14,0.48],["Oz_The_Great_and_Powerful",0.59,0.57],["Pacific_Rim",0.71,0.78],["Payback",0.53,0.67],["People_Like_Us",0.55,0.63],["Philomena",0.92,0.9],["Precious",0.91,0.8],["Primeval",0.19,0.35],["Prometheus",0.74,0.69],["Push",0.22,0.47],["Ransom",0.73,0.61],["Ray",0.81,0.87],["Red_Planet",0.14,0.31],["Remember_Me",0.28,0.69],["Resident_Evil:_Afterlife",0.24,0.51],["Return_to_Paradise",0.71,0.73],["Ringmaster",0.25,0.19],["Road_Trip",0.57,0.68],["Rock_of_Ages",0.41,0.55],["Romeo_+_Juliet",0.7,0.76],["Salmon_Fishing_in_the_Yemen",0.67,0.64],["Saving_Mr._Banks",0.8,0.88],["Savng_Private_Ryan",0.93,0.92],["Scary_Movie",0.53,0.5],["Scream_2",0.81,0.54],["Screamers",0.3,0.45],["Seabiscuit",0.77,0.74],["Secretariat",0.64,0.76],["Secrets_&_Lies",0.94,0.9],["Semi-Pro",0.21,0.41],["Serenity",0.82,0.89],["Seven_Psychopaths",0.83,0.71],["Sex_Drive",0.46,0.6],["Shakespeare_in_Love",0.93,0.76],["Shark_Night_3D",0.16,0.23],["Shark_Tale",0.36,0.59],["Shaun_of_the_Dead",0.91,0.91],["Shine",0.91,0.89],["Shooter",0.48,0.82],["Showtime",0.25,0.29],["Shutter_Island",0.69,0.73],["Sideways",0.96,0.77],["Silver_Linings_Playbook",0.92,0.86],["Slumdog_Millionaire",0.94,0.9],["Small_Time_Crooks",0.67,0.54],["Soldier",0.1,0.45],["Something_Borrowed",0.15,0.48],["Soul_Plane",0.18,0.58],["Space_Cowboys",0.79,0.5],["Spider-Man",0.89,0.65],["Spider-Man_3",0.63,0.54],["Spirited_Away",0.97,0.95],["Spy_Kids",0.93,0.39],["Star_Trek_Into_Darkness",0.87,0.9],["Super_8",0.82,0.78],["Supercop",0.95,0.7],["Superhero_Movie",0.16,0.36],["SwimFan",0.14,0.36],["Tangled",0.9,0.87],["Tarzan",0.88,0.63],["Taxi",0.1,0.6],["Tears_of_the_Sun",0.34,0.72],["That_Darn_Cat",0.13,0.3],["Thats_My_Boy",0.2,0.53],["The_13th_Warrior",0.33,0.66],["The_6th_Man",0.23,0.54],["The_Amityville_Horror",0.24,0.64],["The_Artist",0.98,0.89],["The_Associate",0.28,0.53],["The_Aviator",0.87,0.73],["The_Benchwarmers",0.11,0.71],["The_Blind_Side",0.66,0.9],["The_Book_Thief",0.5,0.78],["The_Boy_in_the_Striped_Pajamas",0.63,0.84],["The_Chronicles_of_Riddick",0.29,0.73],["The_Cider_House_Rules",0.71,0.75],["The_Closet",0.86,0.75],["The_Country_Bears",0.3,0.38],["The_Curious_Case_of_Benjamin_Button",0.72,0.81],["The_Darkest_Hour",0.12,0.25],["The_Departed",0.93,0.92],["The_Descendants",0.89,0.79],["The_Dilemma",0.24,0.31],["The_Eagle",0.38,0.42],["The_Emperors_Club",0.5,0.65],["The_English_Patient",0.83,0.81],["The_Fighter",0.9,0.88],["The_Full_Monty",0.95,0.73],["The_Girl_Next_Door",0.55,0.71],["The_Girl_Who_Played_with_Fire",0.7,0.68],["The_Good_Girl",0.81,0.53],["The_Gospel",0.32,0.76],["The_Great_Debaters",0.69,0.86],["The_Green_Mile",0.8,0.93],["The_Grudge_2",0.1,0.57],["The_Haunting_in_Connecticut",0.17,0.51],["The_Help",0.76,0.9],["The_Hills_Have_Eyes_2",0.11,0.5],["The_Hobbit:_An_Unexpected_Journey",0.65,0.83],["The_Hours",0.81,0.82],["The_Hunger_Games:_Catching_Fire",0.89,0.91],["The_Hurt_Locker",0.97,0.83],["The_Insider",0.96,0.87],["The_International",0.59,0.39],["The_Invention_of_Lying",0.57,0.47],["The_Iron_Giant",0.97,0.72],["The_Jackal",0.15,0.56],["The_Kids_Are_Alright",0.93,0.72],["The_Kings_Speech",0.95,0.93],["The_Last_Airbender",0.06,0.42],["The_Last_House_on_the_Left",0.41,0.55],["The_Last_Song",0.19,0.65],["The_League_of_Extraordinary_Gentlemen",0.17,0.54],["The_Legend_of_Zorro",0.26,0.61],["The_Lord_of_the_Rings:_The_Fellowship_of_the_Ring",0.92,0.92],["The_Lord_of_the_Rings:_The_Return_of_the_King",0.94,0.83],["The_Lord_of_the_Rings:_The_Two_Towers",0.96,0.92],["The_Losers",0.49,0.54],["The_Man_With_the_Iron_Fists",0.49,0.41],["The_Master",0.85,0.6],["The_Matrix_Reloaded",0.73,0.74],["The_Messengers",0.12,0.48],["The_Mexican",0.56,0.47],["The_Mist",0.74,0.64],["The_Mod_Squad",0.04,0.21],["The_Next_Three_Days",0.52,0.66],["The_Nutty_Professor_II:_The_Klumps",0.26,0.53],["The_Parent_Trap",0.85,0.67],["The_Pianist",0.96,0.94],["The_Place_Beyond_the_Pines",0.81,0.75],["The_Postman",0.09,0.51],["The_Queen",0.97,0.74],["The_Raven",0.23,0.46],["The_Reader",0.61,0.78],["The_Recruit",0.43,0.63],["The_Replacements",0.4,0.7],["The_Ring_Two",0.2,0.54],["The_Secret_Life_of_Bees",0.58,0.78],["The_Sixth_Sense",0.85,0.87],["The_Smurfs",0.23,0.46],["The_Social_Network",0.96,0.89],["The_Sorcerers_Apprentice",0.41,0.56],["The_Story_of_Us",0.28,0.56],["The_Substitute",0.38,0.44],["The_Switch",0.51,0.44],["The_Taking_of_Pelham_1_2_3",0.51,0.6],["The_Tale_of_Despereaux",0.56,0.46],["The_Terminal",0.6,0.72],["The_Texas_Chainsaw_Massacre:_The_Beginning",0.12,0.64],["The_Thin_Red_Line",0.78,0.75],["The_Thing",0.36,0.42],["The_Tree_of_Life",0.84,0.6],["The_Triplets_of_Belleville",0.94,0.88],["The_Twilight_Saga:_Eclipse",0.49,0.74],["The_Ugly_Truth",0.13,0.68],["The_Uninvited",0.32,0.52],["The_Visitor",0.89,0.82],["The_Way,_Way_Back",0.85,0.85],["The_Whole_Ten_Yards",0.04,0.49],["The_Wicker_Man",0.15,0.27],["The_Wolf_of_Wall_Street",0.77,0.83],["The_World_Is_Not_Enough",0.51,0.58],["The_Worlds_End",0.89,0.73],["The_Wrestler",0.98,0.86],["There_Will_Be_Blood",0.91,0.84],["Think_Like_a_Man",0.53,0.8],["This_is_the_End",0.83,0.73],["Titanic",0.87,0.69],["Town_&_Country",0.13,0.17],["Toy_Story_3",0.99,0.91],["Traffic",0.92,0.81],["Trouble_with_the_Curve",0.51,0.67],["True_Grit",0.96,0.86],["Twin_Dragons",0.0,0.0],["Two_Can_Play_That_Game",0.43,0.81],["Two_Weeks_Notice",0.42,0.63],["Two_for_the_Money",0.21,0.5],["Tyler_Perrys_Good_Deeds",0.31,0.77],["Tyler_Perrys_I_Can_Do_Bad_All_By_Myself",0.62,0.81],["Tyler_Perrys_Madea_Goes_to_Jail",0.28,0.74],["Ultraviolet",0.09,0.42],["Underworld:_Rise_of_the_Lycans",0.3,0.68],["Up",0.98,0.86],["Up_in_the_Air",0.91,0.76],["Vampires_Suck",0.04,0.31],["Vanilla_Sky",0.4,0.68],["W.",0.59,0.42],["War_Horse",0.77,0.74],["Warrior",0.83,0.93],["Watchmen",0.64,0.68],["Wedding_Crashers",0.75,0.7],["What_to_Expect_When_Youre_Expecting",0.22,0.48],["Where_the_Heart_Is",0.35,0.76],["Winnie_the_Pooh",0.91,0.78],["Winters_Bone",0.94,0.74],["Wolf_Creek",0.53,0.49],["Wreck-It_Ralph",0.86,0.87],["XXX",0.48,0.69],["Year_One",0.14,0.31],["Zero_Dark_Thirty",0.93,0.8]],"headers":["Title","RottenTomatoes_Critics","RottenTomatoes_Audience"],"rawHeaders":["TITLE","ROTTENTOMATOES_CRITICS","ROTTENTOMATOES_AUDIENCE"]},"headerInfo":[{"alias":"Title","header":"Title","type":"STRING","derived":false},{"alias":"RottenTomatoes_Critics","header":"RottenTomatoes_Critics","type":"NUMBER","derived":false},{"alias":"RottenTomatoes_Audience","header":"RottenTomatoes_Audience","type":"NUMBER","derived":false}],"sortInfo":[],"numRows":441,"numCollected":500,"taskOptions":{"1":{"layout":"Scatter","alignment":{"series":[],"x":["RottenTomatoes_Critics"],"y":["RottenTomatoes_Audience"],"z":[],"label":["Title"],"facet":[]}}},"format":{"type":"TABLE"},"filterInfo":[],"taskId":"task3"},"operationType":["TASK_DATA"]},{"pixelExpression":"if ( ( HasDuplicates ( Genre ) ) , ( Frame ( ) | Select ( Genre , Count ( Nominated ) ) .as ( [ Genre , CountofNominated ] ) | Group ( Genre ) | With ( Panel ( 2 ) ) | Format ( type = [ 'table' ] ) | TaskOptions ( { \"2\" : { \"layout\" : \"Pie\" , \"alignment\" : { \"label\" : [ \"Genre\" ] , \"value\" : [ \"CountofNominated\" ] , \"heat\" : [ ] , \"tooltip\" : [ ] , \"facet\" : [ ] } } } ) | Collect ( 500 ) ) , ( Frame ( ) | Select ( Genre , Count ( Nominated ) ) .as ( [ Genre , CountofNominated ] ) | Group ( Genre ) | With ( Panel ( 2 ) ) | Format ( type = [ 'table' ] ) | TaskOptions ( { \"2\" : { \"layout\" : \"Pie\" , \"alignment\" : { \"label\" : [ \"Genre\" ] , \"value\" : [ \"CountofNominated\" ] , \"heat\" : [ ] , \"tooltip\" : [ ] , \"facet\" : [ ] } } } ) | Collect ( 500 ) ) ) ;","isMeta":false,"output":{"data":{"values":[["Action-Adventure",90.0],["Comedy-Musical",116.0],["Documentary",1.0],["Drama",131.0],["Family-Animation",34.0],["Thriller-Horror",69.0]],"headers":["Genre","CountofNominated"],"rawHeaders":["GENRE","CountofNominated"]},"headerInfo":[{"alias":"Genre","header":"Genre","type":"STRING","derived":false},{"alias":"CountofNominated","header":"CountofNominated","calculatedBy":"Nominated","groupBy":["Genre"],"math":"Count","type":"NUMBER","derived":true}],"sortInfo":[],"numRows":6,"numCollected":500,"taskOptions":{"2":{"layout":"Pie","alignment":{"heat":[],"tooltip":[],"label":["Genre"],"value":["CountofNominated"],"facet":[]}}},"format":{"type":"TABLE"},"filterInfo":[],"taskId":"task5"},"operationType":["TASK_DATA"]},{"pixelExpression":"if ( ( HasDuplicates ( Studio ) ) , ( Frame ( ) | Select ( Studio , Sum ( Revenue_Domestic ) ) .as ( [ Studio , SumofRevenue_Domestic ] ) | Group ( Studio ) | With ( Panel ( 0 ) ) | Format ( type = [ 'table' ] ) | TaskOptions ( { \"0\" : { \"layout\" : \"Column\" , \"alignment\" : { \"label\" : [ \"Studio\" ] , \"value\" : [ \"SumofRevenue_Domestic\" ] , \"tooltip\" : [ ] , \"facet\" : [ ] } } } ) | Collect ( 500 ) ) , ( Frame ( ) | Select ( Studio , Revenue_Domestic ) .as ( [ Studio , Revenue_Domestic ] ) | With ( Panel ( 0 ) ) | Format ( type = [ 'table' ] ) | TaskOptions ( { \"0\" : { \"layout\" : \"Column\" , \"alignment\" : { \"label\" : [ \"Studio\" ] , \"value\" : [ \"Revenue_Domestic\" ] , \"tooltip\" : [ ] , \"facet\" : [ ] } } } ) | Collect ( 500 ) ) ) ;","isMeta":false,"output":{"data":{"values":[["Artisan",1.5291102E7],["Buena_Vista",4.77548818E9],["CBS",1.15826571E8],["Destination",1.6500786E7],["Dimension_Films",1.01363301E8],["Dreamworks",1.001961146E9],["Fine_Line",3.589233E7],["First",5318679.0],["Focus",4.15326809E8],["Focus_Features",5.2652664E7],["Fox",2.82926816E9],["Fox_Searchlight",1.56180799E8],["Freestyle",1.6298046E7],["Gramercy",5.4694674E7],["IDP",2.1250683E7],["Lionsgate",1.085969823E9],["MGM",2.89714245E8],["MGM/UA",8.1712432E7],["Millenium_Entertainment",9206000.0],["Miramax",1.547422318E9],["Music_Box_Films",7638241.0],["New_Line",1.428955948E9],["October",1.3417292E7],["Open_Road_Films",2.8166E7],["Orion_Pictures",1.4818176E7],["Overture_Films",2.3790486E7],["Paramount",3.107068391E9],["Polygram",8341087.0],["Relativity",5.9362153E7],["Roadside_Attractions",1.2786503E7],["Rogue_Pictures",2.3590548E7],["Sony",4.578431896E9],["Summit",4.06409928E8],["Summit_Entertainment",5.6457686E7],["Trimark",1.8951483E7],["USA",1.6542434E8],["Universal",2.592113983E9],["WB",4.413976773E9],["Warner_Independent",3.1558003E7],["Weinstein_Company",7.28187743E8]],"headers":["Studio","SumofRevenue_Domestic"],"rawHeaders":["STUDIO","SumofRevenue_Domestic"]},"headerInfo":[{"alias":"Studio","header":"Studio","type":"STRING","derived":false},{"alias":"SumofRevenue_Domestic","header":"SumofRevenue_Domestic","calculatedBy":"Revenue_Domestic","groupBy":["Studio"],"math":"Sum","type":"NUMBER","derived":true}],"sortInfo":[],"numRows":40,"numCollected":500,"taskOptions":{"0":{"layout":"Column","alignment":{"tooltip":[],"label":["Studio"],"value":["SumofRevenue_Domestic"],"facet":[]}}},"format":{"type":"TABLE"},"filterInfo":[],"taskId":"task1"},"operationType":["TASK_DATA"]}]}